1610;Flottemanville Hague;-1.7221696;49.6217933;1695;Montaigu la Brisette;-1.4077719;49.5627563
1610;Tamerville;-1.4531051;49.5329127;1702;Tamerville;-1.4531051;49.5329127
1612;Tamerville;-1.4531051;49.5329127;1662;Tamerville;-1.4531051;49.5329127
1612;Tamerville;-1.4531051;49.5329127;1702;Tamerville;-1.4531051;49.5329127
1615;Montaigu la Brisette;-1.4077719;49.5627563;1691;Montaigu la Brisette;-1.4077719;49.5627563
1615;Montaigu la Brisette;-1.4077719;49.5627563;1679;Montaigu la Brisette;-1.4077719;49.5627563
1616;le theil;-1.4705387;49.6092354;1666;le theil;-1.4705387;49.6092354
1616;Sauxemesnil;-1.4626838;49.5731375;1666;Sauxemesnil;-1.4626838;49.5731375
1618;Montaigu la Brisette;-1.4077719;49.5627563;1675;Montaigu la Brisette;-1.4077719;49.5627563
1618;Yvetot Bocage;-1.5042001;49.4897162;1677;Yvetot Bocage;-1.5042001;49.4897162
1618;Teurtheville Bocage;-1.3961897;49.592102;1683;Teurtheville Bocage;-1.3961897;49.592102
1620;Tamerville;-1.4531051;49.5329127;1706;Tamerville;-1.4531051;49.5329127
1620;Montaigu la Brisette;-1.4077719;49.5627563;1670;Montaigu la Brisette;-1.4077719;49.5627563
1620;Teurtheville Bocage;-1.3961897;49.592102;1684;Teurtheville Bocage;-1.3961897;49.592102
1624;Montaigu la Brisette;-1.4077719;49.5627563;1674;Montaigu la Brisette;-1.4077719;49.5627563
1624;Montaigu la Brisette;-1.4077719;49.5627563;1676;Montaigu la Brisette;-1.4077719;49.5627563
1624;Montaigu la Brisette;-1.4077719;49.5627563;1674;Montaigu la Brisette;-1.4077719;49.5627563
1624;Montaigu la Brisette;-1.4077719;49.5627563;1676;Montaigu la Brisette;-1.4077719;49.5627563
1624;Teurtheville Bocage;-1.3961897;49.592102;1674;Teurtheville Bocage;-1.3961897;49.592102
1625;Montaigu la Brisette;-1.4077719;49.5627563;1675;Montaigu la Brisette;-1.4077719;49.5627563
1625;Sauxemesnil;-1.4626838;49.5731375;1675;Sauxemesnil;-1.4626838;49.5731375
1625;Tamerville;-1.4531051;49.5329127;1681;Tamerville;-1.4531051;49.5329127
1626;Tamerville;-1.4531051;49.5329127;1702;Montaigu la Brisette;-1.4077719;49.5627563
1626;Montaigu la Brisette;-1.4077719;49.5627563;1665;Montaigu la Brisette;-1.4077719;49.5627563
1626;st germain de tournebut;-1.3948557;49.5333778;1677;Montaigu la Brisette;-1.4077719;49.5627563
1627;Montaigu la Brisette;-1.4077719;49.5627563;1687;Montaigu la Brisette;-1.4077719;49.5627563
1627;Teurtheville Bocage;-1.3961897;49.592102;1703;Teurtheville Bocage;-1.3961897;49.592102
1627;Nehou;-1.5407551;49.4203371;1677;Nehou;-1.5407551;49.4203371
1629;Sauxemesnil;-1.4626838;49.5731375;1676;Sauxemesnil;-1.4626838;49.5731375
1629;Sauxemesnil;-1.4626838;49.5731375;1679;Sauxemesnil;-1.4626838;49.5731375
1629;Sottevast;-1.5931507;49.5224467;1705;Sottevast;-1.5931507;49.5224467
1630;Montaigu la Brisette;-1.4077719;49.5627563;1679;Montaigu la Brisette;-1.4077719;49.5627563
1630;Tamerville;-1.4531051;49.5329127;1670;Tamerville;-1.4531051;49.5329127
1630;Gonneville;-1.4660035;49.6381093;1680;Gonneville;-1.4660035;49.6381093
1630;Gonneville;-1.4660035;49.6381093;1680;Gonneville;-1.4660035;49.6381093
1631;Montaigu la Brisette;-1.4077719;49.5627563;1699;Montaigu la Brisette;-1.4077719;49.5627563
1631;Yvetot Bocage;-1.5042001;49.4897162;1677;Yvetot Bocage;-1.5042001;49.4897162
1631;Sauxemesnil;-1.4626838;49.5731375;1681;Sauxemesnil;-1.4626838;49.5731375
1631;Brix;-1.5801276;49.5448072;1694;Sauxemesnil;-1.4626838;49.5731375
1631;Teurtheville Bocage;-1.3961897;49.592102;1706;Teurtheville Bocage;-1.3961897;49.592102
1631;valognes;-1.4703507;49.509157;1690;valognes;-1.4703507;49.509157
1632;Montaigu la Brisette;-1.4077719;49.5627563;1682;Montaigu la Brisette;-1.4077719;49.5627563
1632;Maupertus sur Mer;-1.4838704;49.6573331;1697;Maupertus sur Mer;-1.4838704;49.6573331
1632;Reville;-1.2581061;49.6196577;1700;Reville;-1.2581061;49.6196577
1632;Amfreville;-1.392828;49.4102926;1720;Amfreville;-1.392828;49.4102926
1633;Montaigu la Brisette;-1.4077719;49.5627563;1704;Montaigu la Brisette;-1.4077719;49.5627563
1633;Gouberville;-1.3219885;49.6864054;1701;Reville;-1.2581061;49.6196577
1633;Montaigu la Brisette;-1.4077719;49.5627563;1683;Montaigu la Brisette;-1.4077719;49.5627563
1633;Lestre;-1.3355404;49.5260729;1713;Montaigu la Brisette;-1.4077719;49.5627563
1634;Reville;-1.2581061;49.6196577;1684;Reville;-1.2581061;49.6196577
1635;Montaigu la Brisette;-1.4077719;49.5627563;1680;Montaigu la Brisette;-1.4077719;49.5627563
1635;Flamanville;-1.8665098;49.5298059;1685;Flamanville;-1.8665098;49.5298059
1636;Montaigu la Brisette;-1.4077719;49.5627563;1708;Montaigu la Brisette;-1.4077719;49.5627563
1636;Querqueville;-1.6965101;49.6646836;1686;Querqueville;-1.6965101;49.6646836
1636;valognes;-1.4703507;49.509157;1686;valognes;-1.4703507;49.509157
1637;Tamerville;-1.4531051;49.5329127;1700;Tamerville;-1.4531051;49.5329127
1637;Sauxemesnil;-1.4626838;49.5731375;1687;Sauxemesnil;-1.4626838;49.5731375
1638;Montaigu la Brisette;-1.4077719;49.5627563;1709;Montaigu la Brisette;-1.4077719;49.5627563
1638;Anneville en Saire;-1.2863365;49.635587;1713;Anneville en Saire;-1.2863365;49.635587
1638;Sauxemesnil;-1.4626838;49.5731375;1688;Sauxemesnil;-1.4626838;49.5731375
1638;Sauxemesnil;-1.4626838;49.5731375;1723;Sauxemesnil;-1.4626838;49.5731375
1638;Sauxemesnil;-1.4626838;49.5731375;1688;Sauxemesnil;-1.4626838;49.5731375
1638;Sauxemesnil;-1.4626838;49.5731375;1688;Sauxemesnil;-1.4626838;49.5731375
1638;Sottevast;-1.5931507;49.5224467;1678;Sottevast;-1.5931507;49.5224467
1639;Montaigu la Brisette;-1.4077719;49.5627563;1712;Montaigu la Brisette;-1.4077719;49.5627563
1639;Teurtheville Bocage;-1.3961897;49.592102;1700;Teurtheville Bocage;-1.3961897;49.592102
1639;Teurtheville Bocage;-1.3961897;49.592102;1689;Teurtheville Bocage;-1.3961897;49.592102
1640;Sauxemesnil;-1.4626838;49.5731375;1701;Montaigu la Brisette;-1.4077719;49.5627563
1640;le mesnil au val;-1.5249447;49.6048684;1690;le mesnil au val;-1.5249447;49.6048684
1640;le mesnil au val;-1.5249447;49.6048684;1709;le mesnil au val;-1.5249447;49.6048684
1640;Tamerville;-1.4531051;49.5329127;1717;Tamerville;-1.4531051;49.5329127
1640;Sauxemesnil;-1.4626838;49.5731375;1690;Sauxemesnil;-1.4626838;49.5731375
1640;Canteloup;-1.3519922;49.6453685;1710;Canteloup;-1.3519922;49.6453685
1641;Tamerville;-1.4531051;49.5329127;1691;Tamerville;-1.4531051;49.5329127
1642;Teurtheville Bocage;-1.3961897;49.592102;1736;Teurtheville Bocage;-1.3961897;49.592102
1642;valognes;-1.4703507;49.509157;1724;valognes;-1.4703507;49.509157
1642;Tamerville;-1.4531051;49.5329127;1692;Tamerville;-1.4531051;49.5329127
1642;Montaigu la Brisette;-1.4077719;49.5627563;1721;Montaigu la Brisette;-1.4077719;49.5627563
1643;Tamerville;-1.4531051;49.5329127;1682;Tamerville;-1.4531051;49.5329127
1643;le theil;-1.4705387;49.6092354;1693;le theil;-1.4705387;49.6092354
1643;valognes;-1.4703507;49.509157;1693;valognes;-1.4703507;49.509157
1643;valognes;-1.4703507;49.509157;1675;Tamerville;-1.4531051;49.5329127
1643;Montfarville;-1.2693609;49.6536808;1719;Montfarville;-1.2693609;49.6536808
1643;Reville;-1.2581061;49.6196577;1715;Reville;-1.2581061;49.6196577
1643;Brix;-1.5801276;49.5448072;1682;Brix;-1.5801276;49.5448072
1643;Teurtheville Bocage;-1.3961897;49.592102;1693;Teurtheville Bocage;-1.3961897;49.592102
1644;valognes;-1.4703507;49.509157;1694;valognes;-1.4703507;49.509157
1644;Montfarville;-1.2693609;49.6536808;1682;Montfarville;-1.2693609;49.6536808
1644;Brix;-1.5801276;49.5448072;1711;Brix;-1.5801276;49.5448072
1644;Montaigu la Brisette;-1.4077719;49.5627563;1691;Montaigu la Brisette;-1.4077719;49.5627563
1645;le rozel;-1.8289575;49.4874129;1695;le rozel;-1.8289575;49.4874129
1645;le rozel;-1.8289575;49.4874129;1695;le rozel;-1.8289575;49.4874129
1645;le rozel;-1.8289575;49.4874129;1695;le rozel;-1.8289575;49.4874129
1645;le rozel;-1.8289575;49.4874129;1695;le rozel;-1.8289575;49.4874129
1645;Tourlaville;-1.5804229;49.64054;1695;Tourlaville;-1.5804229;49.64054
1645;Tourlaville;-1.5804229;49.64054;1695;Tourlaville;-1.5804229;49.64054
1645;Reville;-1.2581061;49.6196577;1705;Reville;-1.2581061;49.6196577
1645;Reville;-1.2581061;49.6196577;1695;Reville;-1.2581061;49.6196577
1645;Quettehou;-1.3033477;49.5924741;1723;Teurtheville Bocage;-1.3961897;49.592102
1645;Sauxemesnil;-1.4626838;49.5731375;1727;Sauxemesnil;-1.4626838;49.5731375
1645;Sauxemesnil;-1.4626838;49.5731375;1733;Sauxemesnil;-1.4626838;49.5731375
1645;Neuville au Plain;-1.3315137;49.4299556;1695;Neuville au Plain;-1.3315137;49.4299556
1645;Teurtheville Bocage;-1.3961897;49.592102;1711;Teurtheville Bocage;-1.3961897;49.592102
1645;Teurtheville Bocage;-1.3961897;49.592102;1705;Teurtheville Bocage;-1.3961897;49.592102
1645;Teurtheville Bocage;-1.3961897;49.592102;1715;Teurtheville Bocage;-1.3961897;49.592102
1645;Teurtheville Bocage;-1.3961897;49.592102;1702;Teurtheville Bocage;-1.3961897;49.592102
1646;Sauxemesnil;-1.4626838;49.5731375;1709;Sauxemesnil;-1.4626838;49.5731375
1646;Montaigu la Brisette;-1.4077719;49.5627563;1727;Montaigu la Brisette;-1.4077719;49.5627563
1646;Sauxemesnil;-1.4626838;49.5731375;1720;Sauxemesnil;-1.4626838;49.5731375
1646;Maupertus sur Mer;-1.4838704;49.6573331;1696;Maupertus sur Mer;-1.4838704;49.6573331
1646;Maupertus sur Mer;-1.4838704;49.6573331;1696;Maupertus sur Mer;-1.4838704;49.6573331
1646;Sauxemesnil;-1.4626838;49.5731375;1720;Sauxemesnil;-1.4626838;49.5731375
1646;Sauxemesnil;-1.4626838;49.5731375;1728;Sauxemesnil;-1.4626838;49.5731375
1646;Ancteville;-1.4783673;49.1033319;1721;Neuville au Plain;-1.3315137;49.4299556
1646;Octeville l Avenel;-1.354158;49.5436439;1715;Teurtheville Bocage;-1.3961897;49.592102
1647;Montaigu la Brisette;-1.4077719;49.5627563;1723;Montaigu la Brisette;-1.4077719;49.5627563
1647;Flamanville;-1.8665098;49.5298059;1697;Flamanville;-1.8665098;49.5298059
1647;Sauxemesnil;-1.4626838;49.5731375;1697;Sauxemesnil;-1.4626838;49.5731375
1647;Amfreville;-1.392828;49.4102926;1697;Amfreville;-1.392828;49.4102926
1647;Amfreville;-1.392828;49.4102926;1707;Amfreville;-1.392828;49.4102926
1647;Turqueville;-1.27883;49.407729;1707;Turqueville;-1.27883;49.407729
1648;Tamerville;-1.4531051;49.5329127;1700;Tamerville;-1.4531051;49.5329127
1648;Sauxemesnil;-1.4626838;49.5731375;1698;Sauxemesnil;-1.4626838;49.5731375
1648;Tamerville;-1.4531051;49.5329127;1708;Sauxemesnil;-1.4626838;49.5731375
1648;Canteloup;-1.3519922;49.6453685;1708;Canteloup;-1.3519922;49.6453685
1649;Montfarville;-1.2693609;49.6536808;1732;Montfarville;-1.2693609;49.6536808
1649;Montaigu la Brisette;-1.4077719;49.5627563;1721;Montaigu la Brisette;-1.4077719;49.5627563
1649;Sauxemesnil;-1.4626838;49.5731375;1689;Sauxemesnil;-1.4626838;49.5731375
1649;Valcanville;-1.3295519;49.6437175;1695;Valcanville;-1.3295519;49.6437175
1649;Teurtheville Bocage;-1.3961897;49.592102;1707;Teurtheville Bocage;-1.3961897;49.592102
1649;Teurtheville Bocage;-1.3961897;49.592102;1707;Teurtheville Bocage;-1.3961897;49.592102
1649;Montaigu la Brisette;-1.4077719;49.5627563;1732;Montaigu la Brisette;-1.4077719;49.5627563
1650;Tamerville;-1.4531051;49.5329127;1700;Tamerville;-1.4531051;49.5329127
1650;brillevast;-1.4142584;49.628085;1700;brillevast;-1.4142584;49.628085
1650;brillevast;-1.4142584;49.628085;1700;brillevast;-1.4142584;49.628085
1650;Pierreville;-1.7824213;49.4733561;1700;Pierreville;-1.7824213;49.4733561
1650;Flamanville;-1.8665098;49.5298059;1700;Flamanville;-1.8665098;49.5298059
1650;Flamanville;-1.8665098;49.5298059;1700;Flamanville;-1.8665098;49.5298059
1650;Golleville;-1.5162243;49.4357895;1722;Golleville;-1.5162243;49.4357895
1650;Golleville;-1.5162243;49.4357895;1724;Golleville;-1.5162243;49.4357895
1650;Valcanville;-1.3295519;49.6437175;1712;Montfarville;-1.2693609;49.6536808
1650;Reville;-1.2581061;49.6196577;1700;Reville;-1.2581061;49.6196577
1650;brillevast;-1.4142584;49.628085;1700;brillevast;-1.4142584;49.628085
1650;brillevast;-1.4142584;49.628085;1700;brillevast;-1.4142584;49.628085
1650;le vast;-1.3606769;49.6210653;1700;le vast;-1.3606769;49.6210653
1650;Sauxemesnil;-1.4626838;49.5731375;1700;Sauxemesnil;-1.4626838;49.5731375
1650;Sauxemesnil;-1.4626838;49.5731375;1608;Sauxemesnil;-1.4626838;49.5731375
1650;Gatteville le Phare;-1.2831194;49.6864848;1700;Gatteville le Phare;-1.2831194;49.6864848
1650;Gatteville le Phare;-1.2831194;49.6864848;1700;Gatteville le Phare;-1.2831194;49.6864848
1650;Teurtheville Bocage;-1.3961897;49.592102;1690;Teurtheville Bocage;-1.3961897;49.592102
1650;Montaigu la Brisette;-1.4077719;49.5627563;1737;Montaigu la Brisette;-1.4077719;49.5627563
1650;Montaigu la Brisette;-1.4077719;49.5627563;1721;Montaigu la Brisette;-1.4077719;49.5627563
1651;Montaigu la Brisette;-1.4077719;49.5627563;1701;Montaigu la Brisette;-1.4077719;49.5627563
1651;Tamerville;-1.4531051;49.5329127;1705;Tamerville;-1.4531051;49.5329127
1651;Teurtheville Bocage;-1.3961897;49.592102;1719;Teurtheville Bocage;-1.3961897;49.592102
1651;Teurtheville Bocage;-1.3961897;49.592102;1692;Teurtheville Bocage;-1.3961897;49.592102
1652;Montaigu la Brisette;-1.4077719;49.5627563;1711;Montaigu la Brisette;-1.4077719;49.5627563
1652;Negreville;-1.5489765;49.490069;1731;Negreville;-1.5489765;49.490069
1652;Flamanville;-1.8665098;49.5298059;1717;Flamanville;-1.8665098;49.5298059
1652;le rozel;-1.8289575;49.4874129;1702;le rozel;-1.8289575;49.4874129
1652;le rozel;-1.8289575;49.4874129;1702;le rozel;-1.8289575;49.4874129
1652;Quineville;-1.2894209;49.5144748;1702;Quineville;-1.2894209;49.5144748
1652;Reville;-1.2581061;49.6196577;1731;Reville;-1.2581061;49.6196577
1652;st vaast la hougue;-1.2680981;49.5876233;1698;Reville;-1.2581061;49.6196577
1652;Sauxemesnil;-1.4626838;49.5731375;1712;Sauxemesnil;-1.4626838;49.5731375
1652;le vast;-1.3606769;49.6210653;1715;le vast;-1.3606769;49.6210653
1652;Gonneville;-1.4660035;49.6381093;1702;Gonneville;-1.4660035;49.6381093
1652;Sauxemesnil;-1.4626838;49.5731375;1712;Sauxemesnil;-1.4626838;49.5731375
1652;Sauxemesnil;-1.4626838;49.5731375;1702;Sauxemesnil;-1.4626838;49.5731375
1652;Sauxemesnil;-1.4626838;49.5731375;1713;Sauxemesnil;-1.4626838;49.5731375
1652;Sauxemesnil;-1.4626838;49.5731375;1700;Sauxemesnil;-1.4626838;49.5731375
1652;Teurtheville Bocage;-1.3961897;49.592102;1706;Teurtheville Bocage;-1.3961897;49.592102
1652;Montaigu la Brisette;-1.4077719;49.5627563;1709;Teurtheville Bocage;-1.3961897;49.592102
1652;Teurtheville Bocage;-1.3961897;49.592102;1715;Teurtheville Bocage;-1.3961897;49.592102
1652;Montaigu la Brisette;-1.4077719;49.5627563;1711;Montaigu la Brisette;-1.4077719;49.5627563
1653;Reville;-1.2581061;49.6196577;1703;Reville;-1.2581061;49.6196577
1653;Tamerville;-1.4531051;49.5329127;1702;Tamerville;-1.4531051;49.5329127
1653;Teurtheville Bocage;-1.3961897;49.592102;1705;Teurtheville Bocage;-1.3961897;49.592102
1653;Montaigu la Brisette;-1.4077719;49.5627563;1716;Montaigu la Brisette;-1.4077719;49.5627563
1654;Valcanville;-1.3295519;49.6437175;1704;Valcanville;-1.3295519;49.6437175
1654;Gonneville;-1.4660035;49.6381093;1713;Gonneville;-1.4660035;49.6381093
1654;Gonneville;-1.4660035;49.6381093;1734;Gonneville;-1.4660035;49.6381093
1654;Gonneville;-1.4660035;49.6381093;1738;Gonneville;-1.4660035;49.6381093
1654;Amfreville;-1.392828;49.4102926;1712;Amfreville;-1.392828;49.4102926
1654;Montaigu la Brisette;-1.4077719;49.5627563;1734;Montaigu la Brisette;-1.4077719;49.5627563
1654;Teurtheville Bocage;-1.3961897;49.592102;1735;Teurtheville Bocage;-1.3961897;49.592102
1655;Tamerville;-1.4531051;49.5329127;1703;Tamerville;-1.4531051;49.5329127
1655;Gonneville;-1.4660035;49.6381093;1737;Gonneville;-1.4660035;49.6381093
1655;Flamanville;-1.8665098;49.5298059;1732;Flamanville;-1.8665098;49.5298059
1655;Sauxemesnil;-1.4626838;49.5731375;1712;Sauxemesnil;-1.4626838;49.5731375
1655;Montebourg;-1.3759965;49.4878091;1705;Montebourg;-1.3759965;49.4878091
1655;Montebourg;-1.3759965;49.4878091;1705;Montebourg;-1.3759965;49.4878091
1655;Emondeville;-1.3426361;49.4590611;1705;Emondeville;-1.3426361;49.4590611
1655;Emondeville;-1.3426361;49.4590611;1705;Emondeville;-1.3426361;49.4590611
1655;Teurtheville Bocage;-1.3961897;49.592102;1719;Teurtheville Bocage;-1.3961897;49.592102
1655;brillevast;-1.4142584;49.628085;1728;Teurtheville Bocage;-1.3961897;49.592102
1655;Quettehou;-1.3033477;49.5924741;1708;Quettehou;-1.3033477;49.5924741
1655;Teurtheville Bocage;-1.3961897;49.592102;1727;Teurtheville Bocage;-1.3961897;49.592102
1655;brillevast;-1.4142584;49.628085;1732;brillevast;-1.4142584;49.628085
1655;brillevast;-1.4142584;49.628085;1705;brillevast;-1.4142584;49.628085
1655;Teurtheville Bocage;-1.3961897;49.592102;1720;Ham;#N/A;#N/A
1656;Hemevez;-1.441093;49.4588972;1708;Hemevez;-1.441093;49.4588972
1656;Reville;-1.2581061;49.6196577;1688;Reville;-1.2581061;49.6196577
1656;Gonneville;-1.4660035;49.6381093;1706;Gonneville;-1.4660035;49.6381093
1656;Teurtheville Bocage;-1.3961897;49.592102;1709;Teurtheville Bocage;-1.3961897;49.592102
1656;Octeville l Avenel;-1.354158;49.5436439;1706;Octeville l Avenel;-1.354158;49.5436439
1656;Octeville l Avenel;-1.354158;49.5436439;1706;Octeville l Avenel;-1.354158;49.5436439
1656;Teurtheville Bocage;-1.3961897;49.592102;1709;Teurtheville Bocage;-1.3961897;49.592102
1657;Yvetot Bocage;-1.5042001;49.4897162;1707;Yvetot Bocage;-1.5042001;49.4897162
1657;Flamanville;-1.8665098;49.5298059;1707;Flamanville;-1.8665098;49.5298059
1657;Sauxemesnil;-1.4626838;49.5731375;1734;Sauxemesnil;-1.4626838;49.5731375
1657;Tamerville;-1.4531051;49.5329127;1702;Montaigu la Brisette;-1.4077719;49.5627563
1657;Teurtheville Bocage;-1.3961897;49.592102;1707;Teurtheville Bocage;-1.3961897;49.592102
1657;Tamerville;-1.4531051;49.5329127;1729;Tamerville;-1.4531051;49.5329127
1658;Montaigu la Brisette;-1.4077719;49.5627563;1715;Montaigu la Brisette;-1.4077719;49.5627563
1658;Sauxemesnil;-1.4626838;49.5731375;1708;Sauxemesnil;-1.4626838;49.5731375
1658;ste genevieve;-1.3131687;49.6570478;1703;ste genevieve;-1.3131687;49.6570478
1658;Teurtheville Bocage;-1.3961897;49.592102;1708;Teurtheville Bocage;-1.3961897;49.592102
1658;Valcanville;-1.3295519;49.6437175;1725;Reville;-1.2581061;49.6196577
1658;Reville;-1.2581061;49.6196577;1705;Reville;-1.2581061;49.6196577
1658;Reville;-1.2581061;49.6196577;1715;Reville;-1.2581061;49.6196577
1658;Sauxemesnil;-1.4626838;49.5731375;1685;Sauxemesnil;-1.4626838;49.5731375
1658;Varouville;-1.3682835;49.6741755;1728;Varouville;-1.3682835;49.6741755
1658;ste genevieve;-1.3131687;49.6570478;1718;Varouville;-1.3682835;49.6741755
1658;Montaigu la Brisette;-1.4077719;49.5627563;1715;Montaigu la Brisette;-1.4077719;49.5627563
1659;Sauxemesnil;-1.4626838;49.5731375;1726;Sauxemesnil;-1.4626838;49.5731375
1659;Tamerville;-1.4531051;49.5329127;1715;Valcanville;-1.3295519;49.6437175
1659;Flamanville;-1.8665098;49.5298059;1709;Flamanville;-1.8665098;49.5298059
1659;Flamanville;-1.8665098;49.5298059;1739;Flamanville;-1.8665098;49.5298059
1659;Valcanville;-1.3295519;49.6437175;1685;Valcanville;-1.3295519;49.6437175
1659;Reville;-1.2581061;49.6196577;1708;Reville;-1.2581061;49.6196577
1659;Tamerville;-1.4531051;49.5329127;1697;Montaigu la Brisette;-1.4077719;49.5627563
1659;Gonneville;-1.4660035;49.6381093;1709;Gonneville;-1.4660035;49.6381093
1659;Gonneville;-1.4660035;49.6381093;1735;Gonneville;-1.4660035;49.6381093
1659;Gonneville;-1.4660035;49.6381093;1709;Gonneville;-1.4660035;49.6381093
1659;st sauveur le vicomte;-1.5295622;49.3855999;1729;Besneville;-1.6279309;49.367848
1659;Teurtheville Bocage;-1.3961897;49.592102;1723;Teurtheville Bocage;-1.3961897;49.592102
1659;Montaigu la Brisette;-1.4077719;49.5627563;1736;Montaigu la Brisette;-1.4077719;49.5627563
1660;Montaigu la Brisette;-1.4077719;49.5627563;1722;Montaigu la Brisette;-1.4077719;49.5627563
1660;Montaigu la Brisette;-1.4077719;49.5627563;1729;Montaigu la Brisette;-1.4077719;49.5627563
1660;Montfarville;-1.2693609;49.6536808;1710;Montfarville;-1.2693609;49.6536808
1660;Sauxemesnil;-1.4626838;49.5731375;1726;Sauxemesnil;-1.4626838;49.5731375
1660;st germain de tournebut;-1.3948557;49.5333778;1710;st germain de tournebut;-1.3948557;49.5333778
1660;st germain de tournebut;-1.3948557;49.5333778;1710;st germain de tournebut;-1.3948557;49.5333778
1660;Reigneville Bocage;-1.4738663;49.4082932;1753;Tamerville;-1.4531051;49.5329127
1660;Teurtheville Bocage;-1.3961897;49.592102;1710;Teurtheville Bocage;-1.3961897;49.592102
1660;le theil;-1.4705387;49.6092354;1710;le theil;-1.4705387;49.6092354
1660;le theil;-1.4705387;49.6092354;1735;le theil;-1.4705387;49.6092354
1660;Montaigu la Brisette;-1.4077719;49.5627563;1722;Montaigu la Brisette;-1.4077719;49.5627563
1660;Montaigu la Brisette;-1.4077719;49.5627563;1725;Montaigu la Brisette;-1.4077719;49.5627563
1660;Montaigu la Brisette;-1.4077719;49.5627563;1729;Montaigu la Brisette;-1.4077719;49.5627563
1661;Montaigu la Brisette;-1.4077719;49.5627563;1716;Montaigu la Brisette;-1.4077719;49.5627563
1661;Sauxemesnil;-1.4626838;49.5731375;1697;Sauxemesnil;-1.4626838;49.5731375
1661;Tourlaville;-1.5804229;49.64054;1731;Tourlaville;-1.5804229;49.64054
1661;Besneville;-1.6279309;49.367848;1711;Besneville;-1.6279309;49.367848
1661;Fierville les Mines;-1.6684921;49.3900281;1739;Fierville les Mines;-1.6684921;49.3900281
1662;Montaigu la Brisette;-1.4077719;49.5627563;1726;Montaigu la Brisette;-1.4077719;49.5627563
1662;st martin d audouville;-1.3621825;49.5288522;1704;st germain de tournebut;-1.3948557;49.5333778
1663;ste genevieve;-1.3131687;49.6570478;1713;ste genevieve;-1.3131687;49.6570478
1663;Tamerville;-1.4531051;49.5329127;1743;Tamerville;-1.4531051;49.5329127
1664;Maupertus sur Mer;-1.4838704;49.6573331;1714;Maupertus sur Mer;-1.4838704;49.6573331
1664;Tamerville;-1.4531051;49.5329127;1714;Tamerville;-1.4531051;49.5329127
1664;Gonneville;-1.4660035;49.6381093;1734;Gonneville;-1.4660035;49.6381093
1664;Cherbourg;-1.613426;49.633998;1714;Cherbourg;-1.613426;49.633998
1664;Teurtheville Bocage;-1.3961897;49.592102;1708;Teurtheville Bocage;-1.3961897;49.592102
1664;Montaigu la Brisette;-1.4077719;49.5627563;1754;Montaigu la Brisette;-1.4077719;49.5627563
1664;Montaigu la Brisette;-1.4077719;49.5627563;1712;Montaigu la Brisette;-1.4077719;49.5627563
1664;Montaigu la Brisette;-1.4077719;49.5627563;1731;Montaigu la Brisette;-1.4077719;49.5627563
1665;Montaigu la Brisette;-1.4077719;49.5627563;1708;Montaigu la Brisette;-1.4077719;49.5627563
1665;Teurtheville Bocage;-1.3961897;49.592102;1721;Montaigu la Brisette;-1.4077719;49.5627563
1665;Hemevez;-1.441093;49.4588972;1730;Hemevez;-1.441093;49.4588972
1665;Reville;-1.2581061;49.6196577;1708;Reville;-1.2581061;49.6196577
1665;Montaigu la Brisette;-1.4077719;49.5627563;1744;Montaigu la Brisette;-1.4077719;49.5627563
1665;le vast;-1.3606769;49.6210653;1715;le vast;-1.3606769;49.6210653
1665;Teurtheville Bocage;-1.3961897;49.592102;1728;Teurtheville Bocage;-1.3961897;49.592102
1665;lestre;-1.3355404;49.5260729;1715;lestre;-1.3355404;49.5260729
1665;st vaast la hougue;-1.2680981;49.5876233;1715;st vaast la hougue;-1.2680981;49.5876233
1665;Montaigu la Brisette;-1.4077719;49.5627563;1700;Montaigu la Brisette;-1.4077719;49.5627563
1665;Teurtheville Bocage;-1.3961897;49.592102;1730;le vast;-1.3606769;49.6210653
1666;Querqueville;-1.6965101;49.6646836;1752;Tamerville;-1.4531051;49.5329127
1666;Tamerville;-1.4531051;49.5329127;1728;Tamerville;-1.4531051;49.5329127
1666;le vast;-1.3606769;49.6210653;1726;le vast;-1.3606769;49.6210653
1666;Orglandes;-1.4503783;49.4220595;1708;Orglandes;-1.4503783;49.4220595
1667;Montaigu la Brisette;-1.4077719;49.5627563;1707;Montaigu la Brisette;-1.4077719;49.5627563
1667;le rozel;-1.8289575;49.4874129;1717;le rozel;-1.8289575;49.4874129
1667;Sauxemesnil;-1.4626838;49.5731375;1732;Sauxemesnil;-1.4626838;49.5731375
1667;Montaigu la Brisette;-1.4077719;49.5627563;1717;Montaigu la Brisette;-1.4077719;49.5627563
1667;Digosville;-1.5258287;49.6310598;1739;Teurtheville Bocage;-1.3961897;49.592102
1667;Hemevez;-1.441093;49.4588972;1737;Hemevez;-1.441093;49.4588972
1667;Montaigu la Brisette;-1.4077719;49.5627563;1749;Montaigu la Brisette;-1.4077719;49.5627563
1667;Montaigu la Brisette;-1.4077719;49.5627563;1717;Montaigu la Brisette;-1.4077719;49.5627563
1668;Montaigu la Brisette;-1.4077719;49.5627563;1719;Montaigu la Brisette;-1.4077719;49.5627563
1668;le rozel;-1.8289575;49.4874129;1718;le rozel;-1.8289575;49.4874129
1668;Sauxemesnil;-1.4626838;49.5731375;1736;Sauxemesnil;-1.4626838;49.5731375
1668;Montfarville;-1.2693609;49.6536808;1731;Montfarville;-1.2693609;49.6536808
1668;Montfarville;-1.2693609;49.6536808;1730;Montfarville;-1.2693609;49.6536808
1668;la pernelle;-1.2991983;49.6185915;1718;la pernelle;-1.2991983;49.6185915
1668;la pernelle;-1.2991983;49.6185915;1718;la pernelle;-1.2991983;49.6185915
1668;la pernelle;-1.2991983;49.6185915;1718;la pernelle;-1.2991983;49.6185915
1668;la pernelle;-1.2991983;49.6185915;1718;la pernelle;-1.2991983;49.6185915
1668;Teurtheville Bocage;-1.3961897;49.592102;1747;Teurtheville Bocage;-1.3961897;49.592102
1668;Reville;-1.2581061;49.6196577;1708;st vaast la hougue;-1.2680981;49.5876233
1668;Tamerville;-1.4531051;49.5329127;1718;Tamerville;-1.4531051;49.5329127
1669;Tamerville;-1.4531051;49.5329127;1719;Tamerville;-1.4531051;49.5329127
1669;Reville;-1.2581061;49.6196577;1732;Reville;-1.2581061;49.6196577
1669;le mesnil au val;-1.5249447;49.6048684;1748;le mesnil au val;-1.5249447;49.6048684
1669;Teurtheville Bocage;-1.3961897;49.592102;1714;Teurtheville Bocage;-1.3961897;49.592102
1669;Brix;-1.5801276;49.5448072;1741;Brix;-1.5801276;49.5448072
1669;Nehou;-1.5407551;49.4203371;1719;Nehou;-1.5407551;49.4203371
1669;le vast;-1.3606769;49.6210653;1736;le vast;-1.3606769;49.6210653
1670;Fermanville;-1.4600186;49.6887662;1720;Fermanville;-1.4600186;49.6887662
1670;Fermanville;-1.4600186;49.6887662;1720;Fermanville;-1.4600186;49.6887662
1670;le mesnil au val;-1.5249447;49.6048684;1730;le mesnil au val;-1.5249447;49.6048684
1670;Octeville l Avenel;-1.354158;49.5436439;1720;Montaigu la Brisette;-1.4077719;49.5627563
1670;Digosville;-1.5258287;49.6310598;1726;Teurtheville Bocage;-1.3961897;49.592102
1670;Orglandes;-1.4503783;49.4220595;1743;Orglandes;-1.4503783;49.4220595
1670;Quineville;-1.2894209;49.5144748;1720;Quineville;-1.2894209;49.5144748
1670;Gonneville;-1.4660035;49.6381093;1750;Gonneville;-1.4660035;49.6381093
1670;Tourlaville;-1.5804229;49.64054;1742;Tourlaville;-1.5804229;49.64054
1670;Sauxemesnil;-1.4626838;49.5731375;1720;Sauxemesnil;-1.4626838;49.5731375
1670;st martin d audouville;-1.3621825;49.5288522;1720;st martin d audouville;-1.3621825;49.5288522
1670;Vaudreville;-1.3708951;49.5168823;1720;Vaudreville;-1.3708951;49.5168823
1670;le vicel;-1.3083694;49.6360114;1738;le vicel;-1.3083694;49.6360114
1670;Fierville les Mines;-1.6684921;49.3900281;1752;Fierville les Mines;-1.6684921;49.3900281
1671;Montaigu la Brisette;-1.4077719;49.5627563;1735;Montaigu la Brisette;-1.4077719;49.5627563
1671;Reville;-1.2581061;49.6196577;1721;Reville;-1.2581061;49.6196577
1671;Gonneville;-1.4660035;49.6381093;1751;Gonneville;-1.4660035;49.6381093
1671;Reville;-1.2581061;49.6196577;1736;Reville;-1.2581061;49.6196577
1671;Orglandes;-1.4503783;49.4220595;1752;Orglandes;-1.4503783;49.4220595
1672;Brix;-1.5801276;49.5448072;1736;Brix;-1.5801276;49.5448072
1672;Valognes;-1.4703507;49.509157;1722;Negreville;-1.5489765;49.490069
1672;le mesnil au val;-1.5249447;49.6048684;1709;le mesnil au val;-1.5249447;49.6048684
1672;st vaast la hougue;-1.2680981;49.5876233;1734;Montaigu la Brisette;-1.4077719;49.5627563
1672;st pierre eglise;-1.3957877;49.6669552;1742;st pierre eglise;-1.3957877;49.6669552
1673;le theil;-1.4705387;49.6092354;1738;le theil;-1.4705387;49.6092354
1673;le theil;-1.4705387;49.6092354;1728;le theil;-1.4705387;49.6092354
1673;Sottevast;-1.5931507;49.5224467;1764;Montaigu la Brisette;-1.4077719;49.5627563
1673;Valognes;-1.4703507;49.509157;1717;Tamerville;-1.4531051;49.5329127
1673;Tamerville;-1.4531051;49.5329127;1743;Tamerville;-1.4531051;49.5329127
1673;Teurtheville Bocage;-1.3961897;49.592102;1746;Teurtheville Bocage;-1.3961897;49.592102
1673;Teurtheville Bocage;-1.3961897;49.592102;1753;Teurtheville Bocage;-1.3961897;49.592102
1673;Quettehou;-1.3033477;49.5924741;1723;Quettehou;-1.3033477;49.5924741
1673;st pierre eglise;-1.3957877;49.6669552;1762;st pierre eglise;-1.3957877;49.6669552
1674;brillevast;-1.4142584;49.628085;1724;brillevast;-1.4142584;49.628085
1674;Reville;-1.2581061;49.6196577;1745;Reville;-1.2581061;49.6196577
1674;Videcosville;-1.3720062;49.5620967;1719;Videcosville;-1.3720062;49.5620967
1674;Montaigu la Brisette;-1.4077719;49.5627563;1725;Montaigu la Brisette;-1.4077719;49.5627563
1674;st germain de tournebut;-1.3948557;49.5333778;1733;st germain de tournebut;-1.3948557;49.5333778
1675;valognes;-1.4703507;49.509157;1725;valognes;-1.4703507;49.509157
1675;valognes;-1.4703507;49.509157;1725;valognes;-1.4703507;49.509157
1675;Quineville;-1.2894209;49.5144748;1730;Quineville;-1.2894209;49.5144748
1675;Sauxemesnil;-1.4626838;49.5731375;1740;Sauxemesnil;-1.4626838;49.5731375
1675;Sauxemesnil;-1.4626838;49.5731375;1746;Sauxemesnil;-1.4626838;49.5731375
1675;Aumeville Lestre;-1.3210015;49.5397428;1760;Aumeville Lestre;-1.3210015;49.5397428
1675;Teurtheville Bocage;-1.3961897;49.592102;1756;Teurtheville Bocage;-1.3961897;49.592102
1675;Montaigu la Brisette;-1.4077719;49.5627563;1706;Videcosville;-1.3720062;49.5620967
1676;Maupertus sur Mer;-1.4838704;49.6573331;1749;Gonneville;-1.4660035;49.6381093
1676;Sauxemesnil;-1.4626838;49.5731375;1721;Sauxemesnil;-1.4626838;49.5731375
1676;Montaigu la Brisette;-1.4077719;49.5627563;1741;Montaigu la Brisette;-1.4077719;49.5627563
1676;Huberville;-1.4351016;49.5118502;1726;Huberville;-1.4351016;49.5118502
1676;Vaudreville;-1.3708951;49.5168823;1726;Vaudreville;-1.3708951;49.5168823
1676;Vaudreville;-1.3708951;49.5168823;1726;Vaudreville;-1.3708951;49.5168823
1676;Tamerville;-1.4531051;49.5329127;1754;Brix;-1.5801276;49.5448072
1676;Videcosville;-1.3720062;49.5620967;1709;Teurtheville Bocage;-1.3961897;49.592102
1676;Montaigu la Brisette;-1.4077719;49.5627563;1741;Montaigu la Brisette;-1.4077719;49.5627563
1676;Sauxemesnil;-1.4626838;49.5731375;1853;Sauxemesnil;-1.4626838;49.5731375
1676;Valcanville;-1.3295519;49.6437175;1726;Valcanville;-1.3295519;49.6437175
1677;Montaigu la Brisette;-1.4077719;49.5627563;1727;Montaigu la Brisette;-1.4077719;49.5627563
1677;Montaigu la Brisette;-1.4077719;49.5627563;1742;Montaigu la Brisette;-1.4077719;49.5627563
1677;le vast;-1.3606769;49.6210653;1762;le vast;-1.3606769;49.6210653
1677;Gonneville;-1.4660035;49.6381093;1727;Gonneville;-1.4660035;49.6381093
1677;Teurtheville Bocage;-1.3961897;49.592102;1743;Teurtheville Bocage;-1.3961897;49.592102
1677;Teurtheville Bocage;-1.3961897;49.592102;1757;Teurtheville Bocage;-1.3961897;49.592102
1678;Tamerville;-1.4531051;49.5329127;1728;Tamerville;-1.4531051;49.5329127
1678;Gonneville;-1.4660035;49.6381093;1743;Sauxemesnil;-1.4626838;49.5731375
1679;Amfreville;-1.392828;49.4102926;1741;Amfreville;-1.392828;49.4102926
1679;Teurtheville Bocage;-1.3961897;49.592102;1729;Teurtheville Bocage;-1.3961897;49.592102
1679;Brix;-1.5801276;49.5448072;1758;Brix;-1.5801276;49.5448072
1679;Valcanville;-1.3295519;49.6437175;1729;Valcanville;-1.3295519;49.6437175
1680;Tamerville;-1.4531051;49.5329127;1763;Tamerville;-1.4531051;49.5329127
1680;Pierreville;-1.7824213;49.4733561;1721;Flamanville;-1.8665098;49.5298059
1680;Flamanville;-1.8665098;49.5298059;1769;Flamanville;-1.8665098;49.5298059
1680;Anneville en Saire;-1.2863365;49.635587;1730;Anneville en Saire;-1.2863365;49.635587
1680;brillevast;-1.4142584;49.628085;1730;brillevast;-1.4142584;49.628085
1680;Tamerville;-1.4531051;49.5329127;1735;Sauxemesnil;-1.4626838;49.5731375
1680;st cyr;-1.4206151;49.4878526;1730;st cyr;-1.4206151;49.4878526
1680;st cyr;-1.4206151;49.4878526;1761;st cyr;-1.4206151;49.4878526
1680;Gatteville le Phare;-1.2831194;49.6864848;1730;Gatteville le Phare;-1.2831194;49.6864848
1680;Valcanville;-1.3295519;49.6437175;1730;Valcanville;-1.3295519;49.6437175
1680;Tamerville;-1.4531051;49.5329127;1730;Tamerville;-1.4531051;49.5329127
1680;le rozel;-1.8289575;49.4874129;1730;le rozel;-1.8289575;49.4874129
1681;Montaigu la Brisette;-1.4077719;49.5627563;1766;Montaigu la Brisette;-1.4077719;49.5627563
1681;Sauxemesnil;-1.4626838;49.5731375;1752;Sauxemesnil;-1.4626838;49.5731375
1681;amfreville;-1.392828;49.4102926;1731;Amfreville;-1.392828;49.4102926
1681;Teurtheville Bocage;-1.3961897;49.592102;1755;Teurtheville Bocage;-1.3961897;49.592102
1682;Flamanville;-1.8665098;49.5298059;1734;Flamanville;-1.8665098;49.5298059
1682;le rozel;-1.8289575;49.4874129;1732;le rozel;-1.8289575;49.4874129
1682;le rozel;-1.8289575;49.4874129;1732;le rozel;-1.8289575;49.4874129
1682;Montfarville;-1.2693609;49.6536808;1721;Reville;-1.2581061;49.6196577
1682;Reville;-1.2581061;49.6196577;1749;Reville;-1.2581061;49.6196577
1682;Gonneville;-1.4660035;49.6381093;1752;Gonneville;-1.4660035;49.6381093
1682;Sauxemesnil;-1.4626838;49.5731375;1732;Sauxemesnil;-1.4626838;49.5731375
1682;Sauxemesnil;-1.4626838;49.5731375;1733;Sauxemesnil;-1.4626838;49.5731375
1682;Sauxemesnil;-1.4626838;49.5731375;1757;Sauxemesnil;-1.4626838;49.5731375
1682;brillevast;-1.4142584;49.628085;1732;Teurtheville Bocage;-1.3961897;49.592102
1682;Montaigu la Brisette;-1.4077719;49.5627563;1752;Montaigu la Brisette;-1.4077719;49.5627563
1682;Flamanville;-1.8665098;49.5298059;1732;Flamanville;-1.8665098;49.5298059
1683;Valcanville;-1.3295519;49.6437175;1756;Montfarville;-1.2693609;49.6536808
1683;Valcanville;-1.3295519;49.6437175;1733;Valcanville;-1.3295519;49.6437175
1683;Teurtheville Bocage;-1.3961897;49.592102;1756;Teurtheville Bocage;-1.3961897;49.592102
1683;le rozel;-1.8289575;49.4874129;1733;le rozel;-1.8289575;49.4874129
1683;le rozel;-1.8289575;49.4874129;1733;le rozel;-1.8289575;49.4874129
1683;le rozel;-1.8289575;49.4874129;1733;le rozel;-1.8289575;49.4874129
1684;Golleville;-1.5162243;49.4357895;1724;Golleville;-1.5162243;49.4357895
1684;Tamerville;-1.4531051;49.5329127;1734;Tamerville;-1.4531051;49.5329127
1684;Gonneville;-1.4660035;49.6381093;1734;Gonneville;-1.4660035;49.6381093
1684;Sauxemesnil;-1.4626838;49.5731375;1750;Sauxemesnil;-1.4626838;49.5731375
1684;Bricquebec;-1.6305538;49.4706701;1767;Brix;-1.5801276;49.5448072
1684;le rozel;-1.8289575;49.4874129;1734;le rozel;-1.8289575;49.4874129
1684;Valognes;-1.4703507;49.509157;1756;Valognes;-1.4703507;49.509157
1684;Montaigu la Brisette;-1.4077719;49.5627563;1756;Montaigu la Brisette;-1.4077719;49.5627563
1685;Montebourg;-1.3759965;49.4878091;1730;Quineville;-1.2894209;49.5144748
1685;Teurtheville Bocage;-1.3961897;49.592102;1742;Teurtheville Bocage;-1.3961897;49.592102
1685;Reville;-1.2581061;49.6196577;1742;Reville;-1.2581061;49.6196577
1685;Emondeville;-1.3426361;49.4590611;1763;brillevast;-1.4142584;49.628085
1685;Gonneville;-1.4660035;49.6381093;1763;Gonneville;-1.4660035;49.6381093
1685;Gonneville;-1.4660035;49.6381093;1763;Gonneville;-1.4660035;49.6381093
1685;Digosville;-1.5258287;49.6310598;1735;Digosville;-1.5258287;49.6310598
1685;Sauxemesnil;-1.4626838;49.5731375;1746;Sauxemesnil;-1.4626838;49.5731375
1685;Teurtheville Bocage;-1.3961897;49.592102;1746;Teurtheville Bocage;-1.3961897;49.592102
1685;le theil;-1.4705387;49.6092354;1757;Montaigu la Brisette;-1.4077719;49.5627563
1685;st germain de tournebut;-1.3948557;49.5333778;1769;st germain de tournebut;-1.3948557;49.5333778
1685;valognes;-1.4703507;49.509157;1736;Sauxemesnil;-1.4626838;49.5731375
1685;Negreville;-1.5489765;49.490069;1737;Tamerville;-1.4531051;49.5329127
1686;Reville;-1.2581061;49.6196577;1754;Reville;-1.2581061;49.6196577
1686;Sauxemesnil;-1.4626838;49.5731375;1736;Sauxemesnil;-1.4626838;49.5731375
1686;Gonneville;-1.4660035;49.6381093;1752;Gonneville;-1.4660035;49.6381093
1686;Teurtheville Bocage;-1.3961897;49.592102;1737;Teurtheville Bocage;-1.3961897;49.592102
1686;Octeville l Avenel;-1.354158;49.5436439;1721;Teurtheville Bocage;-1.3961897;49.592102
1686;Montaigu la Brisette;-1.4077719;49.5627563;1736;Montaigu la Brisette;-1.4077719;49.5627563
1687;Treauville;-1.8114996;49.531256;1737;Treauville;-1.8114996;49.531256
1687;Sauxemesnil;-1.4626838;49.5731375;1723;Teurtheville Bocage;-1.3961897;49.592102
1687;Sauxemesnil;-1.4626838;49.5731375;1772;Sauxemesnil;-1.4626838;49.5731375
1687;Neuville au Plain;-1.3315137;49.4299556;1749;Amfreville;-1.392828;49.4102926
1687;Teurtheville Bocage;-1.3961897;49.592102;1731;le ham;-1.4165898;49.4506346
1687;Canteloup;-1.3519922;49.6453685;1737;le vast;-1.3606769;49.6210653
1687;Videcosville;-1.3720062;49.5620967;1733;Videcosville;-1.3720062;49.5620967
1688;Tamerville;-1.4531051;49.5329127;1771;Tamerville;-1.4531051;49.5329127
1688;Maupertus sur Mer;-1.4838704;49.6573331;1738;Maupertus sur Mer;-1.4838704;49.6573331
1688;Treauville;-1.8114996;49.531256;1738;Treauville;-1.8114996;49.531256
1688;Tourlaville;-1.5804229;49.64054;1738;Tourlaville;-1.5804229;49.64054
1688;Montaigu la Brisette;-1.4077719;49.5627563;1768;Montaigu la Brisette;-1.4077719;49.5627563
1688;Montfarville;-1.2693609;49.6536808;1754;Montfarville;-1.2693609;49.6536808
1688;Huberville;-1.4351016;49.5118502;1745;Yvetot Bocage;-1.5042001;49.4897162
1688;st martin d audouville;-1.3621825;49.5288522;1738;st germain de tournebut;-1.3948557;49.5333778
1688;Sortosville;-1.4330846;49.4800017;1769;st germain de tournebut;-1.3948557;49.5333778
1688;Quettehou;-1.3033477;49.5924741;1767;Quettehou;-1.3033477;49.5924741
1688;Montebourg;-1.3759965;49.4878091;1738;Montebourg;-1.3759965;49.4878091
1688;Montebourg;-1.3759965;49.4878091;1763;st vaast la hougue;-1.2680981;49.5876233
1689;Montaigu la Brisette;-1.4077719;49.5627563;1766;Montaigu la Brisette;-1.4077719;49.5627563
1689;Flamanville;-1.8665098;49.5298059;1767;Flamanville;-1.8665098;49.5298059
1689;Montaigu la Brisette;-1.4077719;49.5627563;1773;Montaigu la Brisette;-1.4077719;49.5627563
1689;Montaigu la Brisette;-1.4077719;49.5627563;1762;Montaigu la Brisette;-1.4077719;49.5627563
1689;Quettehou;-1.3033477;49.5924741;1749;Quettehou;-1.3033477;49.5924741
1689;Montaigu la Brisette;-1.4077719;49.5627563;1770;Montaigu la Brisette;-1.4077719;49.5627563
1689;Teurtheville Bocage;-1.3961897;49.592102;1784;Teurtheville Bocage;-1.3961897;49.592102
1690;Golleville;-1.5162243;49.4357895;1733;Golleville;-1.5162243;49.4357895
1690;Sauxemesnil;-1.4626838;49.5731375;1764;Sauxemesnil;-1.4626838;49.5731375
1690;Tourlaville;-1.5804229;49.64054;1740;Sauxemesnil;-1.4626838;49.5731375
1690;Montaigu la Brisette;-1.4077719;49.5627563;1755;Montaigu la Brisette;-1.4077719;49.5627563
1690;Montaigu la Brisette;-1.4077719;49.5627563;1758;Montaigu la Brisette;-1.4077719;49.5627563
1691;Montaigu la Brisette;-1.4077719;49.5627563;1764;Montaigu la Brisette;-1.4077719;49.5627563
1691;Montfarville;-1.2693609;49.6536808;1753;Anneville en Saire;-1.2863365;49.635587
1691;Montaigu la Brisette;-1.4077719;49.5627563;1741;Montaigu la Brisette;-1.4077719;49.5627563
1691;le mesnil au val;-1.5249447;49.6048684;1741;le mesnil au val;-1.5249447;49.6048684
1691;le vast;-1.3606769;49.6210653;1775;le vast;-1.3606769;49.6210653
1691;st martin d audouville;-1.3621825;49.5288522;1741;st martin d audouville;-1.3621825;49.5288522
1691;st martin d audouville;-1.3621825;49.5288522;1741;st martin d audouville;-1.3621825;49.5288522
1691;Teurtheville Bocage;-1.3961897;49.592102;1741;Teurtheville Bocage;-1.3961897;49.592102
1692;Sauxemesnil;-1.4626838;49.5731375;1763;Tamerville;-1.4531051;49.5329127
1692;Sauxemesnil;-1.4626838;49.5731375;1742;Sauxemesnil;-1.4626838;49.5731375
1692;Teurtheville Bocage;-1.3961897;49.592102;1742;Teurtheville Bocage;-1.3961897;49.592102
1692;Montaigu la Brisette;-1.4077719;49.5627563;1749;Montaigu la Brisette;-1.4077719;49.5627563
1692;Octeville l Avenel;-1.354158;49.5436439;1742;Octeville l Avenel;-1.354158;49.5436439
1692;Octeville l Avenel;-1.354158;49.5436439;1742;Octeville l Avenel;-1.354158;49.5436439
1693;le vicel;-1.3083694;49.6360114;1744;le vicel;-1.3083694;49.6360114
1693;Montfarville;-1.2693609;49.6536808;1734;Valognes;-1.4703507;49.509157
1693;st pierre eglise;-1.3957877;49.6669552;1740;st pierre eglise;-1.3957877;49.6669552
1694;Reville;-1.2581061;49.6196577;1765;Reville;-1.2581061;49.6196577
1694;Teurtheville Bocage;-1.3961897;49.592102;1749;Teurtheville Bocage;-1.3961897;49.592102
1694;Teurtheville Bocage;-1.3961897;49.592102;1775;Teurtheville Bocage;-1.3961897;49.592102
1694;Orglandes;-1.4503783;49.4220595;1744;Flottemanville;-1.4502284;49.4754959
1695;Hemevez;-1.441093;49.4588972;1763;Hemevez;-1.441093;49.4588972
1695;Hemevez;-1.441093;49.4588972;1749;Hemevez;-1.441093;49.4588972
1695;st germain de tournebut;-1.3948557;49.5333778;1781;st germain de tournebut;-1.3948557;49.5333778
1695;lestre;-1.3355404;49.5260729;1745;lestre;-1.3355404;49.5260729
1695;Varouville;-1.3682835;49.6741755;1745;Varouville;-1.3682835;49.6741755
1695;Besneville;-1.6279309;49.367848;1727;Varouville;-1.3682835;49.6741755
1695;Montaigu la Brisette;-1.4077719;49.5627563;1755;Montaigu la Brisette;-1.4077719;49.5627563
1696;Montaigu la Brisette;-1.4077719;49.5627563;1746;Montaigu la Brisette;-1.4077719;49.5627563
1696;Gonneville;-1.4660035;49.6381093;1729;Gonneville;-1.4660035;49.6381093
1697;Reville;-1.2581061;49.6196577;1752;Reville;-1.2581061;49.6196577
1697;Teurtheville Bocage;-1.3961897;49.592102;1767;Teurtheville Bocage;-1.3961897;49.592102
1697;Hemevez;-1.441093;49.4588972;1747;Hemevez;-1.441093;49.4588972
1697;Videcosville;-1.3720062;49.5620967;1730;Videcosville;-1.3720062;49.5620967
1697;st martin d audouville;-1.3621825;49.5288522;1741;Videcosville;-1.3720062;49.5620967
1697;Valognes;-1.4703507;49.509157;1780;Valognes;-1.4703507;49.509157
1697;Valognes;-1.4703507;49.509157;1755;Valognes;-1.4703507;49.509157
1697;Teurtheville Bocage;-1.3961897;49.592102;1767;Teurtheville Bocage;-1.3961897;49.592102
1698;ste genevieve;-1.3131687;49.6570478;1780;Montfarville;-1.2693609;49.6536808
1698;Hemevez;-1.441093;49.4588972;1744;Magneville;-1.5463396;49.4472387
1698;la pernelle;-1.2991983;49.6185915;1748;la pernelle;-1.2991983;49.6185915
1698;la pernelle;-1.2991983;49.6185915;1766;la pernelle;-1.2991983;49.6185915
1698;le mesnil au val;-1.5249447;49.6048684;1748;le mesnil au val;-1.5249447;49.6048684
1698;Teurtheville Bocage;-1.3961897;49.592102;1766;Teurtheville Bocage;-1.3961897;49.592102
1698;Teurtheville Bocage;-1.3961897;49.592102;1766;Teurtheville Bocage;-1.3961897;49.592102
1699;Montaigu la Brisette;-1.4077719;49.5627563;1757;Montaigu la Brisette;-1.4077719;49.5627563
1699;Teurtheville Bocage;-1.3961897;49.592102;1759;Teurtheville Bocage;-1.3961897;49.592102
1699;Montaigu la Brisette;-1.4077719;49.5627563;1773;Montaigu la Brisette;-1.4077719;49.5627563
1699;Yvetot Bocage;-1.5042001;49.4897162;1757;Yvetot Bocage;-1.5042001;49.4897162
1700;Tamerville;-1.4531051;49.5329127;1781;Tamerville;-1.4531051;49.5329127
1700;st martin d audouville;-1.3621825;49.5288522;1750;st martin d audouville;-1.3621825;49.5288522
1700;Teurtheville Bocage;-1.3961897;49.592102;1767;Teurtheville Bocage;-1.3961897;49.592102
1700;Fierville les Mines;-1.6684921;49.3900281;1750;Fierville les Mines;-1.6684921;49.3900281
1700;Videcosville;-1.3720062;49.5620967;1754;Videcosville;-1.3720062;49.5620967
1701;Montaigu la Brisette;-1.4077719;49.5627563;1763;Montaigu la Brisette;-1.4077719;49.5627563
1701;Montfarville;-1.2693609;49.6536808;1768;Montfarville;-1.2693609;49.6536808
1701;Brix;-1.5801276;49.5448072;1775;Brix;-1.5801276;49.5448072
1701;Videcosville;-1.3720062;49.5620967;1751;Videcosville;-1.3720062;49.5620967
1702;Montaigu la Brisette;-1.4077719;49.5627563;1786;Montaigu la Brisette;-1.4077719;49.5627563
1702;le vast;-1.3606769;49.6210653;1752;le vast;-1.3606769;49.6210653
1702;le mesnil au val;-1.5249447;49.6048684;1752;le mesnil au val;-1.5249447;49.6048684
1702;st vaast la hougue;-1.2680981;49.5876233;1752;st vaast la hougue;-1.2680981;49.5876233
1702;Quettehou;-1.3033477;49.5924741;1737;Teurtheville Bocage;-1.3961897;49.592102
1702;Montaigu la Brisette;-1.4077719;49.5627563;1768;Montaigu la Brisette;-1.4077719;49.5627563
1703;Fermanville;-1.4600186;49.6887662;1758;Montaigu la Brisette;-1.4077719;49.5627563
1703;valognes;-1.4703507;49.509157;1753;valognes;-1.4703507;49.509157
1703;Teurtheville Bocage;-1.3961897;49.592102;1777;Teurtheville Bocage;-1.3961897;49.592102
1703;Bricquebosq;-1.7176656;49.5370147;1753;Bricquebosq;-1.7176656;49.5370147
1703;Teurtheville Bocage;-1.3961897;49.592102;1740;Teurtheville Bocage;-1.3961897;49.592102
1703;Tamerville;-1.4531051;49.5329127;1753;Tamerville;-1.4531051;49.5329127
1703;Sauxemesnil;-1.4626838;49.5731375;1753;Sauxemesnil;-1.4626838;49.5731375
1703;le vicel;-1.3083694;49.6360114;1753;le vicel;-1.3083694;49.6360114
1704;le rozel;-1.8289575;49.4874129;1787;le rozel;-1.8289575;49.4874129
1704;Bricquebosq;-1.7176656;49.5370147;1754;Bricquebosq;-1.7176656;49.5370147
1705;Tamerville;-1.4531051;49.5329127;1789;Montaigu la Brisette;-1.4077719;49.5627563
1705;le theil;-1.4705387;49.6092354;1776;le theil;-1.4705387;49.6092354
1705;Gonneville;-1.4660035;49.6381093;1752;Gonneville;-1.4660035;49.6381093
1705;Sauxemesnil;-1.4626838;49.5731375;1779;Sauxemesnil;-1.4626838;49.5731375
1705;Montaigu la Brisette;-1.4077719;49.5627563;1735;Montaigu la Brisette;-1.4077719;49.5627563
1705;Valcanville;-1.3295519;49.6437175;1755;Valcanville;-1.3295519;49.6437175
1706;Magneville;-1.5463396;49.4472387;1787;Magneville;-1.5463396;49.4472387
1706;Sauxemesnil;-1.4626838;49.5731375;1756;Sauxemesnil;-1.4626838;49.5731375
1706;Vaudreville;-1.3708951;49.5168823;1738;Vaudreville;-1.3708951;49.5168823
1706;Flottemanville;-1.4502284;49.4754959;1756;Flottemanville;-1.4502284;49.4754959
1706;Teurtheville Bocage;-1.3961897;49.592102;1756;Teurtheville Bocage;-1.3961897;49.592102
1706;st germain de tournebut;-1.3948557;49.5333778;1783;st germain de tournebut;-1.3948557;49.5333778
1707;Teurtheville Bocage;-1.3961897;49.592102;1788;Teurtheville Bocage;-1.3961897;49.592102
1707;Quineville;-1.2894209;49.5144748;1779;Fontenay sur Mer;-1.3133089;49.4892798
1707;Teurtheville Bocage;-1.3961897;49.592102;1747;Montaigu la Brisette;-1.4077719;49.5627563
1708;Sauxemesnil;-1.4626838;49.5731375;1756;Sauxemesnil;-1.4626838;49.5731375
1708;Tamerville;-1.4531051;49.5329127;1758;Tamerville;-1.4531051;49.5329127
1709;le mesnil au val;-1.5249447;49.6048684;1759;le mesnil au val;-1.5249447;49.6048684
1710;valognes;-1.4703507;49.509157;1779;valognes;-1.4703507;49.509157
1710;Sauxemesnil;-1.4626838;49.5731375;1767;Sauxemesnil;-1.4626838;49.5731375
1710;Gatteville le Phare;-1.2831194;49.6864848;1760;Valcanville;-1.3295519;49.6437175
1710;Tamerville;-1.4531051;49.5329127;1767;Brix;-1.5801276;49.5448072
1710;st martin d audouville;-1.3621825;49.5288522;1760;st martin d audouville;-1.3621825;49.5288522
1710;st martin d audouville;-1.3621825;49.5288522;1760;st martin d audouville;-1.3621825;49.5288522
1711;le mesnil au val;-1.5249447;49.6048684;1770;Sauxemesnil;-1.4626838;49.5731375
1712;le rozel;-1.8289575;49.4874129;1762;le rozel;-1.8289575;49.4874129
1712;Reville;-1.2581061;49.6196577;1762;Reville;-1.2581061;49.6196577
1712;Gonneville;-1.4660035;49.6381093;1778;le mesnil au val;-1.5249447;49.6048684
1712;le mesnil au val;-1.5249447;49.6048684;1762;Sauxemesnil;-1.4626838;49.5731375
1712;st germain de tournebut;-1.3948557;49.5333778;1762;st germain de tournebut;-1.3948557;49.5333778
1712;Teurtheville Bocage;-1.3961897;49.592102;1766;Teurtheville Bocage;-1.3961897;49.592102
1713;St come du Mont;-1.2720736;49.3357496;1763;St come du Mont;-1.2720736;49.3357496
1713;Sauxemesnil;-1.4626838;49.5731375;1782;Sauxemesnil;-1.4626838;49.5731375
1713;Sauxemesnil;-1.4626838;49.5731375;1782;Sauxemesnil;-1.4626838;49.5731375
1713;st cyr;-1.4206151;49.4878526;1788;Amfreville;-1.392828;49.4102926
1713;Negreville;-1.5489765;49.490069;1757;Negreville;-1.5489765;49.490069
1713;Flamanville;-1.8665098;49.5298059;1763;Flamanville;-1.8665098;49.5298059
1713;Flamanville;-1.8665098;49.5298059;1763;Flamanville;-1.8665098;49.5298059
1714;Sauxemesnil;-1.4626838;49.5731375;1767;Sauxemesnil;-1.4626838;49.5731375
1714;Valcanville;-1.3295519;49.6437175;1777;Valcanville;-1.3295519;49.6437175
1714;Montaigu la Brisette;-1.4077719;49.5627563;1764;Montaigu la Brisette;-1.4077719;49.5627563
1714;Brix;-1.5801276;49.5448072;1804;Negreville;-1.5489765;49.490069
1714;Sauxemesnil;-1.4626838;49.5731375;1785;Valognes;-1.4703507;49.509157
1715;Flamanville;-1.8665098;49.5298059;1766;Flamanville;-1.8665098;49.5298059
1715;Gonneville;-1.4660035;49.6381093;1789;Gonneville;-1.4660035;49.6381093
1715;Teurtheville Bocage;-1.3961897;49.592102;1795;Montaigu la Brisette;-1.4077719;49.5627563
1715;Montfarville;-1.2693609;49.6536808;1765;Montfarville;-1.2693609;49.6536808
1715;brillevast;-1.4142584;49.628085;1765;brillevast;-1.4142584;49.628085
1715;brillevast;-1.4142584;49.628085;1765;brillevast;-1.4142584;49.628085
1715;le rozel;-1.8289575;49.4874129;1797;le rozel;-1.8289575;49.4874129
1715;Montaigu la Brisette;-1.4077719;49.5627563;1782;Valognes;-1.4703507;49.509157
1716;Flamanville;-1.8665098;49.5298059;1783;Flamanville;-1.8665098;49.5298059
1716;Flamanville;-1.8665098;49.5298059;1768;Flamanville;-1.8665098;49.5298059
1716;Golleville;-1.5162243;49.4357895;1766;Golleville;-1.5162243;49.4357895
1716;Teurtheville Bocage;-1.3961897;49.592102;1751;Sauxemesnil;-1.4626838;49.5731375
1716;Reville;-1.2581061;49.6196577;1766;Montfarville;-1.2693609;49.6536808
1716;Reville;-1.2581061;49.6196577;1766;Montfarville;-1.2693609;49.6536808
1717;Sauxemesnil;-1.4626838;49.5731375;1801;Sauxemesnil;-1.4626838;49.5731375
1717;Reville;-1.2581061;49.6196577;1767;Reville;-1.2581061;49.6196577
1717;Digosville;-1.5258287;49.6310598;1767;Gonneville;-1.4660035;49.6381093
1717;st pierre eglise;-1.3957877;49.6669552;1773;st pierre eglise;-1.3957877;49.6669552
1718;Montaigu la Brisette;-1.4077719;49.5627563;1770;Montaigu la Brisette;-1.4077719;49.5627563
1718;Quineville;-1.2894209;49.5144748;1768;Quineville;-1.2894209;49.5144748
1718;Sauxemesnil;-1.4626838;49.5731375;1749;Sauxemesnil;-1.4626838;49.5731375
1719;Amfreville;-1.392828;49.4102926;1782;Amfreville;-1.392828;49.4102926
1719;st pierre eglise;-1.3957877;49.6669552;1769;st pierre eglise;-1.3957877;49.6669552
1720;Montaigu la Brisette;-1.4077719;49.5627563;1763;Montaigu la Brisette;-1.4077719;49.5627563
1720;Montaigu la Brisette;-1.4077719;49.5627563;1781;Montaigu la Brisette;-1.4077719;49.5627563
1720;le rozel;-1.8289575;49.4874129;1800;le rozel;-1.8289575;49.4874129
1721;Gonneville;-1.4660035;49.6381093;1782;Gonneville;-1.4660035;49.6381093
1721;Varouville;-1.3682835;49.6741755;1771;Varouville;-1.3682835;49.6741755
1721;Montaigu la Brisette;-1.4077719;49.5627563;1788;Montaigu la Brisette;-1.4077719;49.5627563
1721;Montaigu la Brisette;-1.4077719;49.5627563;1804;Montaigu la Brisette;-1.4077719;49.5627563
1721;st germain de tournebut;-1.3948557;49.5333778;1771;st germain de tournebut;-1.3948557;49.5333778
1721;st martin d audouville;-1.3621825;49.5288522;1766;st germain de tournebut;-1.3948557;49.5333778
1722;Montaigu la Brisette;-1.4077719;49.5627563;1786;Montaigu la Brisette;-1.4077719;49.5627563
1722;Octeville l Avenel;-1.354158;49.5436439;1786;Montaigu la Brisette;-1.4077719;49.5627563
1722;Teurtheville Bocage;-1.3961897;49.592102;1772;Teurtheville Bocage;-1.3961897;49.592102
1722;St Floxel;-1.3523069;49.4914256;1779;Yvetot Bocage;-1.5042001;49.4897162
1723;Tamerville;-1.4531051;49.5329127;1806;Cherbourg;-1.613426;49.633998
1723;Sauxemesnil;-1.4626838;49.5731375;1795;Sauxemesnil;-1.4626838;49.5731375
1723;Gonneville;-1.4660035;49.6381093;1765;Gonneville;-1.4660035;49.6381093
1723;Videcosville;-1.3720062;49.5620967;1773;Videcosville;-1.3720062;49.5620967
1724;Reville;-1.2581061;49.6196577;1778;Reville;-1.2581061;49.6196577
1724;brillevast;-1.4142584;49.628085;1774;brillevast;-1.4142584;49.628085
1724;Teurtheville Bocage;-1.3961897;49.592102;1790;Teurtheville Bocage;-1.3961897;49.592102
1724;Yvetot Bocage;-1.5042001;49.4897162;1794;Yvetot Bocage;-1.5042001;49.4897162
1724;Videcosville;-1.3720062;49.5620967;1807;Videcosville;-1.3720062;49.5620967
1725;lestre;-1.3355404;49.5260729;1778;lestre;-1.3355404;49.5260729
1725;Teurtheville Bocage;-1.3961897;49.592102;1775;Teurtheville Bocage;-1.3961897;49.592102
1726;le theil;-1.4705387;49.6092354;1776;le theil;-1.4705387;49.6092354
1726;Quettehou;-1.3033477;49.5924741;1776;Quettehou;-1.3033477;49.5924741
1727;Sauxemesnil;-1.4626838;49.5731375;1807;Sauxemesnil;-1.4626838;49.5731375
1727;Montaigu la Brisette;-1.4077719;49.5627563;1806;Montaigu la Brisette;-1.4077719;49.5627563
1727;Montebourg;-1.3759965;49.4878091;1777;Montebourg;-1.3759965;49.4878091
1728;Montaigu la Brisette;-1.4077719;49.5627563;1783;Montaigu la Brisette;-1.4077719;49.5627563
1729;Teurtheville Bocage;-1.3961897;49.592102;1779;Teurtheville Bocage;-1.3961897;49.592102
1730;brillevast;-1.4142584;49.628085;1780;brillevast;-1.4142584;49.628085
1730;Teurtheville Bocage;-1.3961897;49.592102;1825;Teurtheville Bocage;-1.3961897;49.592102
1730;st martin d audouville;-1.3621825;49.5288522;1780;st martin d audouville;-1.3621825;49.5288522
1730;st martin d audouville;-1.3621825;49.5288522;1780;st martin d audouville;-1.3621825;49.5288522
1731;Tamerville;-1.4531051;49.5329127;1812;Tamerville;-1.4531051;49.5329127
1731;Montaigu la Brisette;-1.4077719;49.5627563;1757;Montaigu la Brisette;-1.4077719;49.5627563
1731;Montaigu la Brisette;-1.4077719;49.5627563;1768;Montaigu la Brisette;-1.4077719;49.5627563
1732;Montaigu la Brisette;-1.4077719;49.5627563;1817;Montaigu la Brisette;-1.4077719;49.5627563
1732;Montaigu la Brisette;-1.4077719;49.5627563;1809;Montaigu la Brisette;-1.4077719;49.5627563
1732;Hemevez;-1.441093;49.4588972;1768;st germain de tournebut;-1.3948557;49.5333778
1732;le vast;-1.3606769;49.6210653;1795;brillevast;-1.4142584;49.628085
1732;Teurtheville Bocage;-1.3961897;49.592102;1807;Teurtheville Bocage;-1.3961897;49.592102
1732;Valognes;-1.4703507;49.509157;1782;Valognes;-1.4703507;49.509157
1733;Montaigu la Brisette;-1.4077719;49.5627563;1783;Montaigu la Brisette;-1.4077719;49.5627563
1733;Teurtheville Bocage;-1.3961897;49.592102;1806;Teurtheville Bocage;-1.3961897;49.592102
1733;Montaigu la Brisette;-1.4077719;49.5627563;1767;Montaigu la Brisette;-1.4077719;49.5627563
1733;le vast;-1.3606769;49.6210653;1814;le vast;-1.3606769;49.6210653
1734;st germain de tournebut;-1.3948557;49.5333778;1768;st germain de tournebut;-1.3948557;49.5333778
1734;Quineville;-1.2894209;49.5144748;1784;lestre;-1.3355404;49.5260729
1734;Nehou;-1.5407551;49.4203371;1784;Nehou;-1.5407551;49.4203371
1736;Valcanville;-1.3295519;49.6437175;1786;Montaigu la Brisette;-1.4077719;49.5627563
1736;Montaigu la Brisette;-1.4077719;49.5627563;1801;Montaigu la Brisette;-1.4077719;49.5627563
1736;Anneville en Saire;-1.2863365;49.635587;1786;Tamerville;-1.4531051;49.5329127
1737;Montaigu la Brisette;-1.4077719;49.5627563;1784;Montaigu la Brisette;-1.4077719;49.5627563
1737;le mesnil au val;-1.5249447;49.6048684;1826;Teurtheville Bocage;-1.3961897;49.592102
1738;Montaigu la Brisette;-1.4077719;49.5627563;1814;Montaigu la Brisette;-1.4077719;49.5627563
1738;Montaigu la Brisette;-1.4077719;49.5627563;1818;Montaigu la Brisette;-1.4077719;49.5627563
1738;Teurtheville Bocage;-1.3961897;49.592102;1808;Videcosville;-1.3720062;49.5620967
1739;Montfarville;-1.2693609;49.6536808;1816;Barfleur;-1.2655143;49.6696377
1739;Teurtheville Bocage;-1.3961897;49.592102;1789;Teurtheville Bocage;-1.3961897;49.592102
1739;Bricquebosq;-1.7176656;49.5370147;1804;le rozel;-1.8289575;49.4874129
1740;Tamerville;-1.4531051;49.5329127;1790;Tamerville;-1.4531051;49.5329127
1740;st martin d audouville;-1.3621825;49.5288522;1817;st martin d audouville;-1.3621825;49.5288522
1741;Teurtheville Bocage;-1.3961897;49.592102;1791;Teurtheville Bocage;-1.3961897;49.592102
1741;Tamerville;-1.4531051;49.5329127;1823;Tamerville;-1.4531051;49.5329127
1742;Sauxemesnil;-1.4626838;49.5731375;1818;Sauxemesnil;-1.4626838;49.5731375
1742;le vicel;-1.3083694;49.6360114;1806;le vast;-1.3606769;49.6210653
1743;Magneville;-1.5463396;49.4472387;1832;Negreville;-1.5489765;49.490069
1743;brillevast;-1.4142584;49.628085;1793;brillevast;-1.4142584;49.628085
1744;Sauxemesnil;-1.4626838;49.5731375;1787;Sauxemesnil;-1.4626838;49.5731375
1745;Montaigu la Brisette;-1.4077719;49.5627563;1812;Montaigu la Brisette;-1.4077719;49.5627563
1745;Teurtheville Bocage;-1.3961897;49.592102;1821;Teurtheville Bocage;-1.3961897;49.592102
1745;Montebourg;-1.3759965;49.4878091;1795;Montaigu la Brisette;-1.4077719;49.5627563
1747;Golleville;-1.5162243;49.4357895;1822;Tamerville;-1.4531051;49.5329127
1747;Sauxemesnil;-1.4626838;49.5731375;1828;Vaudreville;-1.3708951;49.5168823
1748;Gonneville;-1.4660035;49.6381093;1816;Gonneville;-1.4660035;49.6381093
1748;Amfreville;-1.392828;49.4102926;1798;Amfreville;-1.392828;49.4102926
1748;Teurtheville Bocage;-1.3961897;49.592102;1793;Montaigu la Brisette;-1.4077719;49.5627563
1749;valognes;-1.4703507;49.509157;1819;Tamerville;-1.4531051;49.5329127
1749;st marcouf;-1.2902705;49.4731096;1799;st marcouf;-1.2902705;49.4731096
1749;st germain de tournebut;-1.3948557;49.5333778;1812;Vaudreville;-1.3708951;49.5168823
1750;Flamanville;-1.8665098;49.5298059;1837;Flamanville;-1.8665098;49.5298059
1750;Montfarville;-1.2693609;49.6536808;1800;Barfleur;-1.2655143;49.6696377
1750;Sauxemesnil;-1.4626838;49.5731375;1819;Sauxemesnil;-1.4626838;49.5731375
1750;Negreville;-1.5489765;49.490069;1816;Negreville;-1.5489765;49.490069
1750;st martin d audouville;-1.3621825;49.5288522;1800;Teurtheville Bocage;-1.3961897;49.592102
1751;Flamanville;-1.8665098;49.5298059;1814;Flamanville;-1.8665098;49.5298059
1751;Yvetot Bocage;-1.5042001;49.4897162;1801;Yvetot Bocage;-1.5042001;49.4897162
1752;Gonneville;-1.4660035;49.6381093;1823;Gonneville;-1.4660035;49.6381093
1752;Teurtheville Bocage;-1.3961897;49.592102;1824;Teurtheville Bocage;-1.3961897;49.592102
1752;st pierre eglise;-1.3957877;49.6669552;1802;st pierre eglise;-1.3957877;49.6669552
1753;Sauxemesnil;-1.4626838;49.5731375;1827;Sauxemesnil;-1.4626838;49.5731375
1753;Amfreville;-1.392828;49.4102926;1823;Amfreville;-1.392828;49.4102926
1753;Treauville;-1.8114996;49.531256;1803;Flamanville;-1.8665098;49.5298059
1753;Videcosville;-1.3720062;49.5620967;1822;Videcosville;-1.3720062;49.5620967
1753;Quettehou;-1.3033477;49.5924741;1803;Quettehou;-1.3033477;49.5924741
1754;brillevast;-1.4142584;49.628085;1816;brillevast;-1.4142584;49.628085
1755;le rozel;-1.8289575;49.4874129;1841;le rozel;-1.8289575;49.4874129
1755;Montaigu la Brisette;-1.4077719;49.5627563;1785;Montaigu la Brisette;-1.4077719;49.5627563
1755;Colomby;-1.4938313;49.4552935;1823;Teurtheville Bocage;-1.3961897;49.592102
1756;Montaigu la Brisette;-1.4077719;49.5627563;1813;Montaigu la Brisette;-1.4077719;49.5627563
1756;Teurtheville Bocage;-1.3961897;49.592102;1829;Teurtheville Bocage;-1.3961897;49.592102
1757;Gonneville;-1.4660035;49.6381093;1836;Gonneville;-1.4660035;49.6381093
1758;Montaigu la Brisette;-1.4077719;49.5627563;1826;Montaigu la Brisette;-1.4077719;49.5627563
1758;Montaigu la Brisette;-1.4077719;49.5627563;1828;Montaigu la Brisette;-1.4077719;49.5627563
1760;Carneville;-1.4490941;49.6663583;1810;Carneville;-1.4490941;49.6663583
1760;Valcanville;-1.3295519;49.6437175;1827;Valcanville;-1.3295519;49.6437175
1760;Montaigu la Brisette;-1.4077719;49.5627563;1831;Montaigu la Brisette;-1.4077719;49.5627563
1761;Reville;-1.2581061;49.6196577;1830;Reville;-1.2581061;49.6196577
1762;Valognes;-1.4703507;49.509157;1807;Videcosville;-1.3720062;49.5620967
1763;st germain de tournebut;-1.3948557;49.5333778;1808;st germain de tournebut;-1.3948557;49.5333778
1763;Reville;-1.2581061;49.6196577;1834;Reville;-1.2581061;49.6196577
1763;Montaigu la Brisette;-1.4077719;49.5627563;1816;Montaigu la Brisette;-1.4077719;49.5627563
1763;la pernelle;-1.2991983;49.6185915;1813;Reville;-1.2581061;49.6196577
1764;Montaigu la Brisette;-1.4077719;49.5627563;1801;Montaigu la Brisette;-1.4077719;49.5627563
1764;Videcosville;-1.3720062;49.5620967;1814;Quettehou;-1.3033477;49.5924741
1765;Montaigu la Brisette;-1.4077719;49.5627563;1834;Montaigu la Brisette;-1.4077719;49.5627563
1766;les pieux;-1.8070047;49.5144181;1816;le rozel;-1.8289575;49.4874129
1767;Tamerville;-1.4531051;49.5329127;1847;Tamerville;-1.4531051;49.5329127
1767;Lestre;-1.3355404;49.5260729;1856;Montaigu la Brisette;-1.4077719;49.5627563
1768;brillevast;-1.4142584;49.628085;1815;brillevast;-1.4142584;49.628085
1769;Montaigu la Brisette;-1.4077719;49.5627563;1827;Montaigu la Brisette;-1.4077719;49.5627563
1770;Montaigu la Brisette;-1.4077719;49.5627563;1851;Montaigu la Brisette;-1.4077719;49.5627563
1770;les pieux;-1.8070047;49.5144181;1827;le rozel;-1.8289575;49.4874129
1770;la pernelle;-1.2991983;49.6185915;1820;le vast;-1.3606769;49.6210653
1774;Sauxemesnil;-1.4626838;49.5731375;1824;Sauxemesnil;-1.4626838;49.5731375
1774;Tamerville;-1.4531051;49.5329127;1858;Sauxemesnil;-1.4626838;49.5731375
1775;st marcouf;-1.2902705;49.4731096;1844;st germain de tournebut;-1.3948557;49.5333778
1775;Teurtheville Bocage;-1.3961897;49.592102;1857;Montaigu la Brisette;-1.4077719;49.5627563
1775;Tamerville;-1.4531051;49.5329127;1856;Cherbourg;-1.613426;49.633998
1776;Amfreville;-1.392828;49.4102926;1853;Montaigu la Brisette;-1.4077719;49.5627563
1776;Teurtheville Bocage;-1.3961897;49.592102;1820;Teurtheville Bocage;-1.3961897;49.592102
1777;Montaigu la Brisette;-1.4077719;49.5627563;1855;Montaigu la Brisette;-1.4077719;49.5627563
1778;le vast;-1.3606769;49.6210653;1848;le vast;-1.3606769;49.6210653
1779;Teurtheville Bocage;-1.3961897;49.592102;1829;Teurtheville Bocage;-1.3961897;49.592102
1779;st germain de tournebut;-1.3948557;49.5333778;1860;st martin d audouville;-1.3621825;49.5288522
1780;Montaigu la Brisette;-1.4077719;49.5627563;1826;Montaigu la Brisette;-1.4077719;49.5627563
1782;Sauxemesnil;-1.4626838;49.5731375;1839;Sauxemesnil;-1.4626838;49.5731375
1782;Valcanville;-1.3295519;49.6437175;1832;le vast;-1.3606769;49.6210653
1783;Sauxemesnil;-1.4626838;49.5731375;1855;Sauxemesnil;-1.4626838;49.5731375
1783;le vast;-1.3606769;49.6210653;1849;le vast;-1.3606769;49.6210653
1784;Videcosville;-1.3720062;49.5620967;1830;Videcosville;-1.3720062;49.5620967
1784;Teurtheville Bocage;-1.3961897;49.592102;1867;Teurtheville Bocage;-1.3961897;49.592102
1787;st martin d audouville;-1.3621825;49.5288522;1837;Videcosville;-1.3720062;49.5620967
1788;Montfarville;-1.2693609;49.6536808;1857;Crasville;-1.3431083;49.549095
1788;Gonneville;-1.4660035;49.6381093;1840;Gonneville;-1.4660035;49.6381093
1788;Montaigu la Brisette;-1.4077719;49.5627563;1857;Montaigu la Brisette;-1.4077719;49.5627563
1788;Crasville;-1.3431083;49.549095;1867;Teurtheville Bocage;-1.3961897;49.592102
1790;Flamanville;-1.8665098;49.5298059;1867;Flamanville;-1.8665098;49.5298059
1790;Gonneville;-1.4660035;49.6381093;1845;Gonneville;-1.4660035;49.6381093
1792;Tamerville;-1.4531051;49.5329127;1836;Tamerville;-1.4531051;49.5329127
1792;Reville;-1.2581061;49.6196577;1862;Crasville;-1.3431083;49.549095
1795;le rozel;-1.8289575;49.4874129;1871;les pieux;-1.8070047;49.5144181
1795;st germain de tournebut;-1.3948557;49.5333778;1845;Tamerville;-1.4531051;49.5329127
1799;brillevast;-1.4142584;49.628085;1878;Montaigu la Brisette;-1.4077719;49.5627563
1799;Montaigu la Brisette;-1.4077719;49.5627563;1849;Montaigu la Brisette;-1.4077719;49.5627563
1799;brillevast;-1.4142584;49.628085;1840;brillevast;-1.4142584;49.628085
1799;Montaigu la Brisette;-1.4077719;49.5627563;1870;Montaigu la Brisette;-1.4077719;49.5627563
1800;Montaigu la Brisette;-1.4077719;49.5627563;1871;Montaigu la Brisette;-1.4077719;49.5627563
1806;Teurtheville Bocage;-1.3961897;49.592102;1873;Teurtheville Bocage;-1.3961897;49.592102
1807;Montaigu la Brisette;-1.4077719;49.5627563;1868;Montaigu la Brisette;-1.4077719;49.5627563
1808;Montaigu la Brisette;-1.4077719;49.5627563;1851;Teurtheville Bocage;-1.3961897;49.592102
1810;Videcosville;-1.3720062;49.5620967;1841;st vaast la hougue;-1.2680981;49.5876233
1811;Sauxemesnil;-1.4626838;49.5731375;1862;Tamerville;-1.4531051;49.5329127
1812;le vast;-1.3606769;49.6210653;1898;Teurtheville Bocage;-1.3961897;49.592102
1813;Montaigu la Brisette;-1.4077719;49.5627563;1890;Montaigu la Brisette;-1.4077719;49.5627563
1813;Octeville l Avenel;-1.354158;49.5436439;1892;Videcosville;-1.3720062;49.5620967
1813;st martin d audouville;-1.3621825;49.5288522;1863;st marcouf;-1.2902705;49.4731096
1815;Tamerville;-1.4531051;49.5329127;1890;Tamerville;-1.4531051;49.5329127
1815;Montaigu la Brisette;-1.4077719;49.5627563;1886;Montaigu la Brisette;-1.4077719;49.5627563
1816;Teurtheville Bocage;-1.3961897;49.592102;1892;Teurtheville Bocage;-1.3961897;49.592102
1817;Montaigu la Brisette;-1.4077719;49.5627563;1877;Teurtheville Bocage;-1.3961897;49.592102
1820;Sauxemesnil;-1.4626838;49.5731375;1878;Sauxemesnil;-1.4626838;49.5731375
1823;Montaigu la Brisette;-1.4077719;49.5627563;1879;Montaigu la Brisette;-1.4077719;49.5627563
1826;Reville;-1.2581061;49.6196577;1890;Tamerville;-1.4531051;49.5329127
1827;Flamanville;-1.8665098;49.5298059;1910;Montaigu la Brisette;-1.4077719;49.5627563
1827;Gonneville;-1.4660035;49.6381093;1891;Tamerville;-1.4531051;49.5329127
1827;Montaigu la Brisette;-1.4077719;49.5627563;1875;Montaigu la Brisette;-1.4077719;49.5627563
1833;brillevast;-1.4142584;49.628085;1918;Montaigu la Brisette;-1.4077719;49.5627563
1835;Videcosville;-1.3720062;49.5620967;1893;Teurtheville Bocage;-1.3961897;49.592102
1837;Montaigu la Brisette;-1.4077719;49.5627563;1915;st germain de tournebut;-1.3948557;49.5333778
1841;Teurtheville Bocage;-1.3961897;49.592102;1911;Teurtheville Bocage;-1.3961897;49.592102
1842;Montaigu la Brisette;-1.4077719;49.5627563;1920;Montaigu la Brisette;-1.4077719;49.5627563
1852;Tamerville;-1.4531051;49.5329127;1935;Montaigu la Brisette;-1.4077719;49.5627563
1856;Flamanville;-1.8665098;49.5298059;1920;Montaigu la Brisette;-1.4077719;49.5627563
1858;Teurtheville Bocage;-1.3961897;49.592102;1920;Montaigu la Brisette;-1.4077719;49.5627563
1859;Tamerville;-1.4531051;49.5329127;1931;Tamerville;-1.4531051;49.5329127
1859;Montaigu la Brisette;-1.4077719;49.5627563;1915;Montaigu la Brisette;-1.4077719;49.5627563
1861;Sauxemesnil;-1.4626838;49.5731375;1928;Montaigu la Brisette;-1.4077719;49.5627563
1863;Teurtheville Bocage;-1.3961897;49.592102;1930;Montaigu la Brisette;-1.4077719;49.5627563
1878;Montaigu la Brisette;-1.4077719;49.5627563;1940;Montaigu la Brisette;-1.4077719;49.5627563
1884;Tamerville;-1.4531051;49.5329127;1946;Montaigu la Brisette;-1.4077719;49.5627563
1885;Tamerville;-1.4531051;49.5329127;1958;Montaigu la Brisette;-1.4077719;49.5627563
1887;Teurtheville Bocage;-1.3961897;49.592102;1930;Montaigu la Brisette;-1.4077719;49.5627563
1914;Montaigu la Brisette;-1.4077719;49.5627563;1974;Montaigu la Brisette;-1.4077719;49.5627563
1921;Montaigu la Brisette;-1.4077719;49.5627563;1996;Cherbourg;-1.613426;49.633998
1949;Montaigu la Brisette;-1.4077719;49.5627563;1999;Montaigu la Brisette;-1.4077719;49.5627563